,accuracy,precision_macro,recall_macro,f1_macro,roc_auc_macro
LogisticRegression,0.9538002980625931,0.9738519905400078,0.9751632982783058,0.9744951784695131,0.9961360781821549
SVM,0.9791356184798807,0.9880090832798538,0.9889432941153149,0.9884704415954416,0.9979914683326134
RandomForest,0.9821162444113264,0.9900980285264003,0.9900980285264003,0.9900980285264003,0.9987372324879676
kNN,0.9821162444113264,0.9073561782378488,0.9905936226942482,0.9406391268141804,0.9983814447103335
